Workbook
Name CVR: Print_Budget!$B$3
Name CVR: Budget!$B$3
Name FirstDate: DATE(2016, 1, 1)
Name MaxProcent: 33%
Name Projekstart: Print_Budget!$B$4
Name Projekstart: Budget!$B$4
Name Projektslut: Print_Budget!$B$5
Name Projektslut: Budget!$B$5

Sheet Budget
A1: 1. | B1: Bemærk: Nedenstående felter er obligatoriske
A2: Virksomhed
A3: CVR
A4: Startdato (dd-mm-åå)
A5: Slutdato (dd-mm-åå)
A7: 2. | B7: Jeg ønsker at ansøge om en investeringsprocent på (max 35%): | E7: 0
A8: Budgetposter | B8: Samlet budget (kr.) | C8: Ansøgt IF-investering (kr.) | D8: Egenfinansiering | E8: Investeringsprocent (max 35%)
A9: Løn til nye medarbejdere | C9: =IF(OR(B9="",$E$7=""),"",ROUND($E$7*B9,0)) | D9: =IF(B9="", "", ROUND(B9-IF(C9="", 0, C9),0)) | E9: =IFERROR(C9/B9,"")
A10: Løn til eksisterende medarbejdere | C10: =IF(OR(B10="",$E$7=""),"",ROUND($E$7*B10,0)) | D10: =IF(B10="", "", ROUND(B10-IF(C10="", 0, C10),0)) | E10: =IFERROR(C10/B10,"")
A11: Udgifter til vidensleverandører | C11: =IF(OR(B11="",$E$7=""),"",ROUND($E$7*B11,0)) | D11: =IF(B11="", "", ROUND(B11-IF(C11="", 0, C11),0)) | E11: =IFERROR(C11/B11,"")
A12: Udgifter til materialer og udstyr (min. 10.000 kr. pr. faktura) | C12: =IF(OR(B12="",$E$7=""),"",ROUND($E$7*B12,0)) | D12: =IF(B12="", "", ROUND(B12-IF(C12="", 0, C12),0)) | E12: =IFERROR(C12/B12,"")
A13: I alt | B13: =IF(SUM(B9:B12)=0, "", SUM(B9:B12)) | C13: =IF(SUM(C9:C12)=0, "", SUM(C9:C12)) | D13: =IF(SUM(D9:D12)=0, "", SUM(D9:D12)) | E13: =IF(OR(B13="", B13=0), "", IF(C13="", 0, C13)/B13)
A15: 3a | C15: 3b
A16: Vidensleverandører: Hvis du budgetterer med udgifter til vidensleverandører, så angiv hver enkelt vidensleverandør nedenfor med forventet beløb i parentes. Bemærk at vidensleverandører, der angives her, skal stemme overens med de vidensleverandører, der er angivet i ansøgningsblanketten under fanen ”Eksterne leverandører” samt i aktivitetsplanen. | C16: Leverandører, andre udgifter til materialer og udstyr: Hvis du budgetterer med disse udgifter, så angiv leverandøren nedenfor med forventet beløb i parentes. (Min. 10.000 kr. pr. faktura). Bemærk at leverandører, der angives her, skal stemme overens med de leverandører, der er angivet i ansøgningsblanketten under fanen ”Eksterne leverandører” samt i aktivitetsplanen.
A17: Eksempel: Vidensleverandør A/S (100.000 kr.) | C17: Eksempel: Leverandør A/S (kr. 90.000 kr.)

Sheet Print_Budget
A2: Virksomhed * | B2: =IF(Budget!B2="", "", Budget!B2)
A3: CVR * | B3: =IF(Budget!B3="", "", Budget!B3)
A4: Startdato (dd-mm-yyyy) * | B4: =IF(Budget!B4="", "", Budget!B4)
A5: Slutdato (dd-mm-yyyy) * | B5: =IF(Budget!B5="", "", Budget!B5)
B7: Jeg ønsker at ansøge om en investeringsprocent på (max 35%): | E7: =Budget!E7 -> 0
A8: Budgetposter | B8: Samlet budget | C8: Ansøgt IF-investering | D8: Egenfinansiering | E8: Investeringsgrad (max. 35 % per budgetpost)
A9: Løn til nye medarbejdere | B9: =IF(Budget!B9="", "", Budget!B9) | C9: =IF(Budget!C9="", "", Budget!C9) | D9: =IF(Budget!D9="", "", Budget!D9) | E9: =IF(Budget!E9="", "", Budget!E9)
A10: Løn til eksisterende medarbejdere | B10: =IF(Budget!B10="", "", Budget!B10) | C10: =IF(Budget!C10="", "", Budget!C10) | D10: =IF(Budget!D10="", "", Budget!D10) | E10: =IF(Budget!E10="", "", Budget!E10)
A11: Udgifter til videnleverandører | B11: =IF(Budget!B11="", "", Budget!B11) | C11: =IF(Budget!C11="", "", Budget!C11) | D11: =IF(Budget!D11="", "", Budget!D11) | E11: =IF(Budget!E11="", "", Budget!E11)
A12: Udgifter til materialer og udstyr (min. 10.000 kr. pr. faktura) | B12: =IF(Budget!B12="", "", Budget!B12) | C12: =IF(Budget!C12="", "", Budget!C12) | D12: =IF(Budget!D12="", "", Budget!D12) | E12: =IF(Budget!E12="", "", Budget!E12)
A13: I alt | B13: =IF(Budget!B13="", "", Budget!B13) | C13: =IF(Budget!C13="", "", Budget!C13) | D13: =IF(Budget!D13="", "", Budget!D13) | E13: =IF(Budget!E13="", "", Budget!E13)
A16: Vidensleverandører: Hvis du budgetterer med udgifter til vidensleverandører, så angiv hver enkelt vidensleverandør nedenfor med forventet beløb i parentes. Bemærk at vidensleverandører, der angives her, skal stemme overens med de vidensleverandører, der er angivet i ansøgningsblanketten under fanen ”Eksterne leverandører” samt i aktivitetsplanen. | C16: Leverandører, andre udgifter til materialer og udstyr: Hvis du budgetterer med disse udgifter, så angiv leverandøren nedenfor med forventet beløb i parentes. (Min. 10.000 kr. pr. faktura). Bemærk at leverandører, der angives her, skal stemme overens med de leverandører, der er angivet i ansøgningsblanketten under fanen ”Eksterne leverandører” samt i aktivitetsplanen.
A17: =IF(Budget!A17="", "", Budget!A17) -> Eksempel: Vidensleverandør A/S (100.000 kr.) | C17: =IF(Budget!C17="","",Budget!C17) -> Eksempel: Leverandør A/S (kr. 90.000 kr.)

Sheet Partnere
A1: Id | B1: Partnertype | C1: IsOrganisation | D1: SystemSagRolleEnum | E1: CreateSagspartOnApplication | F1: Navn | G1: Afdeling | H1: CPRnr | I1: CVRnr | J1: Pnr | K1: VATnr | L1: Adresselinje1 | M1: Adresselinje2 | N1: Adresselinje3 | O1: Adresselinje4 | P1: Postnr | Q1: Bynavn | R1: Landekode | S1: Email | T1: Overheadsats | U1: Organisationstype | V1: Organisationsstoerrelse | W1: Budgetmodel | X1: Aktivitetstype | Y1: Kostfaktor | Z1: Timetakst
A2: 1 | B2: Partner | C2: TRUE | D2: Administrator | E2: TRUE | F2: =IF(Budget!$B$2="", "", LEFT(TRIM(Budget!$B$2), 500)) | I2: =IF(Budget!$B$3="", "", Budget!$B$3) | T2: 0

Sheet Poster
A1: PartnerId | B1: Beloeb | C1: Finansieringstype | D1: OmkostningsartKode | E1: EnhedstypeKode | F1: Enhedsantal | G1: Enhedspris | H1: PeriodeStartdato | I1: PeriodeSlutdato | J1: Specifikation | K1: Arbejdspakke | L1: AggregeretPost | M1: Fornavn | N1: Efternavn | O1: Reference
A2: 1 | B2: =IF(Budget!$C9="", "", ROUND(Budget!$C9,0)) | C2: BevillingsgiverFinansiering | D2: LØN-MEDARB_NYE | H2: =IF(Projekstart="", "", Projekstart) | I2: =IF(Projektslut="", "", Projektslut) | L2: FALSE
A3: 1 | B3: =IF(Budget!$C10="", "", ROUND(Budget!$C10,0)) | C3: BevillingsgiverFinansiering | D3: LØN-MEDARB_PT_ANS | H3: =IF(Projekstart="", "", Projekstart) | I3: =IF(Projektslut="", "", Projektslut) | L3: FALSE
A4: 1 | B4: =IF(Budget!$C11="", "", ROUND(Budget!$C11,0)) | C4: BevillingsgiverFinansiering | D4: DRIFT-ANDRE2 | H4: =IF(Projekstart="", "", Projekstart) | I4: =IF(Projektslut="", "", Projektslut) | J4: =IF(Budget!A17="", "", Budget!A17) -> Eksempel: Vidensleverandør A/S (100.000 kr.) | L4: FALSE
A5: 1 | B5: =IF(Budget!$C12="", "", ROUND(Budget!$C12,0)) | C5: BevillingsgiverFinansiering | D5: ØVRIGE2 | H5: =IF(Projekstart="", "", Projekstart) | I5: =IF(Projektslut="", "", Projektslut) | J5: =IF(Budget!C17="", "", Budget!C17) -> Eksempel: Leverandør A/S (kr. 90.000 kr.) | L5: FALSE
A6: 1 | B6: =IF(Budget!$D9="", "", ROUND(Budget!$D9,0)) | C6: Egenfinansiering | D6: LØN-MEDARB_NYE | H6: =IF(Projekstart="", "", Projekstart) | I6: =IF(Projektslut="", "", Projektslut) | L6: FALSE
A7: 1 | B7: =IF(Budget!$D10="", "", ROUND(Budget!$D10,0)) | C7: Egenfinansiering | D7: LØN-MEDARB_PT_ANS | H7: =IF(Projekstart="", "", Projekstart) | I7: =IF(Projektslut="", "", Projektslut) | L7: FALSE
A8: 1 | B8: =IF(Budget!$D11="", "", ROUND(Budget!$D11,0)) | C8: Egenfinansiering | D8: DRIFT-ANDRE2 | H8: =IF(Projekstart="", "", Projekstart) | I8: =IF(Projektslut="", "", Projektslut) | L8: FALSE
A9: 1 | B9: =IF(Budget!$D12="", "", ROUND(Budget!$D12,0)) | C9: Egenfinansiering | D9: ØVRIGE2 | H9: =IF(Projekstart="", "", Projekstart) | I9: =IF(Projektslut="", "", Projektslut) | L9: FALSE

Sheet Lookups
A1: Omkostningsart | B1: Kode
A2: Løn til nye medarbejdere | B2: LØN-MEDARB_NYE
A3: Løn til egne medarbejdere | B3: LØN-MEDARB_PT_ANS
A4: Udgifter til vidensleverandører | B4: DRIFT-ANDRE2
A5: Andre udgifter | B5: ØVRIGE2

Sheet Validators
A1: CVR | C1: First date | D1: Last date
A2: =OR(CVR="", IFERROR(AND(LEN(CVR)=8, VALUE(CVR)>=10000000, VALUE(CVR)<=99999999, MOD(SUMPRODUCT(MID(VALUE(CVR),{1;2;3;4;5;6;7;8}, 1)*1,{2;7;6;5;4;3;2;1}), 11)=0), FALSE)) -> TRUE | C2: 42597 | D2: 55153

Sheet Versionering
A1: Navn | B1: Version
A2: Innobooster - budget | B2: 2.0
